term,frequency
app,13981
use,6058
notion,4473
note,3601
work,2782
great,2566
love,2560
like,2259
best,2187
good,2176
take,1930
page,1890
realli,1845
make,1798
time,1790
mobil,1697
one,1638
android,1626
featur,1610
need,1561
slow,1539
pleas,1392
cant,1388
open,1364
version,1295
get,1294
would,1252
thing,1235
help,1222
phone,1196
organ,1196
much,1181
even,1157
keep,1149
im,1114
load,1114
product,1111
fix,1077
amaz,1061
life,1049
doesnt,1031
tri,1025
desktop,999
want,999
updat,980
also,950
offlin,913
text,910
lot,906
dont,890
add,877
everyth,871
way,823
write,818
better,803
type,803
thank,794
ever,793
ive,788
option,762
tool,734
still,729
bug,681
mani,678
ai,674
go,662
experi,662
chang,649
star,642
issu,638
function,629
manag,625
start,623
list,618
improv,616
screen,615
could,611
edit,607
free,605
widget,604
new,591
well,590
sometim,589
look,589
easi,587
applic,582
everi,577
problem,573
recommend,570
user,570
delet,562
web,557
task,545
give,525
person,514
nice,513
see,509
back,505
hope,504
creat,495
support,492
anyth,489
plan,480
know,472
perfect,467
without,461
keyboard,461
someth,456
data,456
lag,452
googl,441
day,437
mode,435
laggi,434
save,431
year,429
devic,428
awesom,427
first,422
feel,415
simpl,410
bit,401
organis,396
past,395
templat,394
pc,394
abl,393
find,391
copi,388
wish,385
long,384
sync,384
learn,383
access,382
think,381
howev,378
absolut,372
second,369
evernot,362
say,361
team,361
databas,358
word,350
de,348
bad,347
sinc,347
ad,343
far,342
buggi,342
show,340
hard,339
project,339
select,333
excel,328
though,324
seem,322
pretti,321
develop,320
alway,320
move,317
annoy,315
made,315
basic,314
ui,312
tablet,312
idea,308
view,307
block,307
frustrat,306
student,305
download,303
littl,303
stuff,302
overal,302
link,302
almost,301
tabl,298
super,297
complet,296
right,291
come,291
never,290
crash,289
content,289
set,289
there,289
unus,285
etc,282
daili,281
calendar,278
button,278
wont,277
differ,275
especi,274
design,272
quit,269
imag,268
connect,268
peopl,264
let,264
click,263
share,261
search,260
got,260
log,260
whole,257
that,257
import,255
review,254
internet,253
platform,253
close,251
becom,249
actual,249
line,248
que,246
track,246
allow,245
multipl,245
journal,244
instead,244
guy,243
power,241
account,241
noth,237
laptop,237
la,235
interfac,235
todo,234
file,232
recent,231
custom,230
limit,229
anoth,228
perform,227
found,226
incred,226
switch,225
possibl,225
stop,225
id,223
miss,223
reason,221
servic,219
put,219
document,218
extrem,217
avail,216
isnt,215
highli,215
place,213
didnt,212
disappear,212
navig,209
thought,207
happen,206
soon,205
kind,203
wait,201
fine,201
complic,201
difficult,199
properli,199
format,198
often,197
glitch,197
scroll,196
quick,194
rate,194
month,193
wonder,193
para,192
liter,190
notetak,189
studi,189
full,189
definit,187
window,187
useless,186
flexibl,186
ill,186
system,185
otherwis,185
workspac,185
brain,185
instal,184
upload,183
easier,182
stuck,181
your,181
point,181
inform,179
big,179
lack,178
websit,178
last,178
browser,177
gener,177
cool,176
space,175
terribl,175
simpli,175
understand,175
samsung,174
faster,173
onlin,173
stay,173
done,172
minut,171
comput,171
lost,170
uninstal,169
yet,167
optim,165
home,165
fantast,165
softwar,164
fast,162
pay,162
entir,161
busi,160
enough,160
alreadi,159
around,159
disappoint,158
smooth,158
sure,158
run,157
e,156
must,155
school,154
email,154
check,153
worth,152
read,151
menu,150
two,149
es,147
next,147
store,146
end,146
els,145
font,145
quickli,145
provid,144
forev,144
languag,144
appear,143
couldnt,142
ask,142
intuit,142
left,142
singl,141
us,140
friendli,140
suck,138
imposs,138
mayb,138
tab,137
abil,136
icon,136
requir,136
least,136
paragraph,135
turn,135
blank,134
suggest,134
unfortun,133
favorit,133
login,133
en,132
across,132
anymor,131
pdf,131
confus,131
size,130
compar,129
unabl,128
whenev,128
top,128
integr,126
schedul,126
forc,126
remind,125
enjoy,124
worst,123
less,123
enter,123
main,123
dark,122
except,122
caus,121
press,121
easili,120
mean,120
small,120
pictur,120
code,119
respons,118
restart,118
within,118
io,118
everyon,117
job,117
onenot,117
part,116
replac,116
notif,116
final,115
constantli,115
havent,115
plu,115
versatil,114
speed,114
hang,114
horribl,113
lose,113
sever,112
item,111
potenti,111
usabl,111
drag,111
dev,110
password,110
program,110
consid,110
happi,109
current,109
live,107
sort,107
complex,107
error,106
other,105
seen,105
poor,105
automat,105
hour,105
honestli,105
se,105
effici,104
ux,104
due,104
total,104
futur,104
curv,104
build,103
appreci,103
figur,103
mind,103
freez,103
lock,102
half,101
video,101
expect,101
arab,101
game,101
remov,101
hand,100
goe,100
pain,100
might,100
youtub,99
week,99
doc,99
reinstal,98
offer,98
randomli,98
color,98
gone,98
latest,97
everyday,97
beauti,97
é,96
exist,96
subscript,96
conveni,95
huge,95
world,95
column,95
bar,95
launch,95
photo,95
glitchi,94
continu,94
longer,94
clunki,94
brilliant,94
letter,93
clean,93
ok,93
rather,93
toggl,93
creativ,92
input,92
everytim,92
sign,92
probabl,91
wrong,91
collabor,90
capabl,90
tell,89
request,89
anyon,89
took,89
although,88
concept,88
layout,88
side,87
clear,87
logo,87
solv,86
wors,86
section,86
mess,85
broken,85
tap,85
either,85
fact,84
hate,84
purpos,84
fun,83
leav,83
implement,83
customiz,83
friend,83
wast,82
paid,82
base,82
mostli,82
galaxi,81
muito,81
lo,81
display,81
includ,81
cover,81
muy,81
whatev,81
cach,80
cursor,80
suddenli,80
startup,80
specif,80
aw,80
un,80
may,80
pro,80
away,79
written,79
exampl,79
activ,79
shortcut,78
effect,78
nativ,77
level,77
structur,76
insid,76
togeth,76
alot,76
process,76
wouldnt,76
solut,76
jump,75
usual,75
trash,75
given,75
theme,75
order,75
altern,75
someon,75
bring,74
coupl,74
truli,74
highlight,74
today,74
draw,74
board,74
tutori,73
addit,73
later,73
wasnt,73
ago,73
play,73
wrote,73
what,73
goal,72
face,72
impress,72
imagin,72
believ,72
fulli,71
notic,71
late,71
compani,71
el,71
customis,70
reopen,70
moment,70
serious,70
record,70
gave,70
practic,70
default,69
changer,69
amount,69
perfectli,69
book,69
habit,68
profession,68
planner,68
digit,68
choos,68
major,68
real,68
number,67
fail,67
name,67
wow,67
case,67
slowli,67
youll,67
server,67
high,67
date,66
handwrit,66
decid,66
notebook,66
appl,66
properti,65
mention,65
bottom,65
site,65
white,65
god,65
pop,64
old,64
ipad,64
titl,63
premium,63
pixel,63
info,62
obsidian,62
una,62
entri,62
upgrad,62
frequent,61
knowledg,61
hold,61
key,61
shame,61
aesthet,61
shift,61
handl,61
comment,61
progress,61
variou,60
previou,60
increas,60
certain,60
undo,60
hit,59
initi,59
pen,59
matter,59
focu,59
class,59
watch,59
wiki,58
wifi,58
trello,58
slower,58
deserv,58
immedi,58
control,58
prefer,58
pero,57
reliabl,57
não,57
mi,57
bullet,57
sluggish,57
secur,57
export,57
rtl,57
mac,57
privaci,56
favourit,56
random,56
similar,56
care,56
essenti,56
drop,56
youv,56
workflow,56
con,56
disabl,56
zoom,55
aplicación,55
area,55
behind,55
sentenc,55
till,55
tho,55
normal,55
tracker,55
term,55
interest,54
ma,54
detail,54
overwhelm,53
arent,53
head,53
excelent,53
background,53
mejor,53
larg,53
script,53
smartphon,53
splash,53
forward,52
row,52
privat,52
rememb,52
duplic,52
network,52
optimis,52
itll,52
consist,51
manual,51
eu,51
charact,51
da,51
said,51
five,51
begin,51
guess,51
came,51
oper,51
assist,51
unrespons,51
send,51
respond,51
effort,50
ton,50
break,50
cloud,50
experienc,50
promis,50
voic,50
copypast,50
age,49
money,49
ye,49
bare,49
went,49
heavi,49
storag,49
forget,49
spend,49
field,49
aplicativo,49
messag,48
swipe,48
local,48
anywher,48
touch,48
um,48
result,48
complaint,48
three,48
element,48
test,48
action,47
eras,47
return,47
group,47
unless,47
handi,47
via,47
aspect,47
okay,47
por,47
choic,47
em,47
proper,47
market,46
commun,46
seamless,46
directli,46
charg,46
refresh,46
sorri,46
garbag,46
superb,46
unreli,45
client,45
emoji,45
greatest,45
routin,45
damn,45
mai,45
weird,45
usag,45
exactli,45
markdown,44
insert,44
exit,44
hell,44
phenomen,44
util,44
research,44
deal,44
built,44
ruin,44
push,44
stori,44
n,44
galleri,44
folder,44
box,44
inconveni,43
decent,43
suppos,43
adhd,43
fan,43
advanc,43
satisfi,43
migrat,43
organiz,43
comfort,43
colour,43
relat,43
resolv,42
minor,42
adjust,42
embed,42
crazi,42
chrome,42
di,42
anim,42
black,42
command,42
reli,42
twice,42
delay,42
interact,42
opinion,42
price,42
colleg,42
despit,42
и,42
microsoft,42
attach,41
webview,41
accident,41
nearli,41
ridicul,41
como,41
compat,41
glad,41
anyway,41
beyond,41
bluetooth,41
x,40
card,40
kept,40
none,40
feedback,40
light,40
rich,40
low,40
individu,40
struggl,40
soo,40
unlimit,40
smoothli,40
honest,40
solid,40
form,39
visual,39
special,39
hi,39
paper,39
tag,39
trust,39
releas,39
per,39
eg,39
kindli,39
celular,39
rest,39
discov,38
man,38
beginn,38
nd,38
question,38
true,38
style,38
stick,38
finish,38
seriou,38
empti,38
popup,37
heard,37
backspac,37
usar,37
oh,37
insan,37
maintain,37
bother,37
fit,37
buy,37
buena,37
explor,37
talk,37
nightmar,37
bold,37
event,37
sad,37
stabl,36
separ,36
reset,36
не,36
bunch,36
melhor,36
stylu,36
reach,36
somehow,36
attempt,36
os,36
becam,36
flow,36
editor,36
mainli,36
period,36
correct,36
resiz,35
endless,35
fill,35
cours,35
articl,35
expens,35
encrypt,35
irrit,35
в,35
middl,35
jot,35
saver,35
excit,35
organizar,34
unstabl,34
whether,34
useful,34
uso,34
physic,34
drive,34
combin,34
cell,34
sooo,34
pra,34
bom,34
earlier,34
sadli,34
address,34
userfriendli,34
correctli,33
align,33
g,33
consum,33
le,33
extra,33
surpris,33
instantli,33
qualiti,33
vida,33
homescreen,33
doubl,33
grate,33
univers,33
hide,33
smoother,33
depend,33
resourc,33
regret,33
má,33
recur,33
troubl,33
spent,32
extern,32
neat,32
transfer,32
downsid,32
header,32
clutter,32
infinit,32
toolbar,32
gboard,32
somewher,32
theyr,32
render,32
kanban,32
regular,31
reload,31
calend,31
protect,31
si,31
assign,31
listen,31
contact,31
shop,31
enabl,31
kill,31
goto,31
four,31
materi,30
min,30
minimalist,30
arrang,30
unlik,30
auto,30
step,30
prompt,30
besid,30
seamlessli,30
sheet,30
felt,30
flaw,30
encount,30
nest,30
allinon,30
chat,30
creator,30
weekli,30
reduc,30
landscap,30
chart,30
eas,30
cross,30
repeat,29
suit,29
poorli,29
autom,29
piec,29
doubt,29
visibl,29
stupid,29
straight,29
complain,29
uma,29
rare,29
sidebar,29
regard,29
audio,29
smart,29
present,29
meet,29
sens,29
al,29
trade,29
exam,29
report,29
setup,29
short,29
checklist,29
biggest,29
everywher,28
categori,28
call,28
و,28
esta,28
diari,28
iphon,28
itd,28
clearli,28
valu,28
pin,28
varieti,28
synchron,28
refus,28
follow,28
uniqu,28
refer,28
notepad,28
answer,28
emb,28
linux,28
room,28
на,27
harder,27
hassl,27
previous,27
saw,27
model,27
cumbersom,27
upon,27
dream,27
histori,27
apart,27
ultim,27
particular,27
genuin,27
من,27
introduc,27
dashboard,27
nota,27
enhanc,27
avoid,27
gotten,27
captur,26
benefit,26
cut,26
bc,26
human,26
mucho,26
pass,26
ultra,26
readi,26
asap,26
robust,26
split,26
fold,26
creation,26
subpag,26
está,26
non,26
pad,26
constant,26
com,26
minim,26
hey,26
attent,26
equat,26
l,26
lol,26
grow,26
pick,25
gmail,25
stabil,25
приложение,25
boost,25
na,25
ram,25
origin,25
collect,25
pic,25
taken,25
sec,25
map,25
remain,25
kudo,25
lead,25
ms,25
match,25
invest,25
memori,25
media,24
handwritten,24
útil,24
critic,24
prepar,24
meu,24
permiss,24
mb,24
subscrib,24
method,24
obsess,24
tend,24
shouldnt,24
stand,24
basi,24
herramienta,24
posit,24
execut,24
mistak,24
purchas,24
clipper,24
versão,24
revert,24
spell,23
adapt,23
tu,23
broke,23
reorder,23
obvious,23
state,23
steep,23
fall,23
direct,23
simplifi,23
chromebook,23
ver,23
significantli,23
master,23
prevent,23
badli,23
b,23
self,23
جدا,23
aap,23
concern,23
xiaomi,23
rearrang,23
bless,23
ele,23
batteri,22
prioriti,22
sub,22
act,22
magic,22
member,22
repli,22
explain,22
bill,22
valuabl,22
patienc,22
travel,22
gb,22
ya,22
locat,22
backup,22
cost,22
mail,22
describ,22
occasion,22
transit,22
among,22
extens,22
appar,22
count,22
regularli,22
center,22
along,22
appli,22
hello,21
cancel,21
tip,21
dear,21
addict,21
hidden,21
slide,21
grey,21
saya,21
toda,21
unintuit,21
yall,21
english,21
clip,21
atleast,21
bien,21
hype,21
sent,21
zero,21
ie,21
unbeliev,21
somewhat,21
pure,21
recip,21
unaccept,21
knew,21
regist,21
outsid,21
outstand,21
inspir,21
success,21
inlin,21
sourc,21
desir,21
chanc,21
regardless,21
redo,21
sound,21
offic,21
mark,20
context,20
chatgpt,20
shut,20
welcom,20
thu,20
payment,20
boot,20
near,20
gestur,20
realiz,20
convert,20
restor,20
necessari,20
respect,20
monthli,20
modern,20
ótimo,20
greatli,20
plain,20
theyv,20
nada,20
loos,20
lite,20
dot,20
cute,20
banget,20
told,20
problema,20
página,20
eye,20
contain,20
accept,20
luck,20
scratch,20
ha,20
amo,19
wouldv,19
descript,19
asid,19
innov,19
core,19
freak,19
parti,19
checkbox,19
virtual,19
signific,19
focus,19
organização,19
educ,19
appeal,19
academ,19
shown,19
subject,19
mine,19
draft,19
multi,19
vez,19
persist,19
bisa,19
clipboard,19
tini,19
st,19
cuz,19
slightli,19
bookmark,19
front,19
ta,19
primari,19
beat,19
hasnt,19
unbear,18
smaller,18
cada,18
af,18
z,18
topic,18
minha,18
hay,18
hai,18
chunk,18
fabul,18
pull,18
heart,18
simplic,18
modifi,18
edg,18
dan,18
restrict,18
rd,18
freedom,18
w,18
vibrat,18
su,18
taker,18
ser,18
motiv,18
graph,18
ps,18
ideal,18
soooo,18
competitor,18
pack,18
instanc,18
intend,18
instruct,18
wise,18
thousand,18
alon,18
receiv,18
breaker,18
accord,18
occur,18
tudo,17
cosa,17
convers,17
indent,17
thankyou,17
tire,17
с,17
print,17
situat,17
التطبيق,17
но,17
preview,17
ador,17
safe,17
uni,17
tier,17
plenti,17
dislik,17
poco,17
gray,17
advantag,17
plane,17
writer,17
uncomfort,17
youd,17
yesterday,17
webpag,17
asana,17
public,17
lento,17
rid,17
ignor,17
bloat,17
yang,17
perman,17
transform,17
sensit,17
pelo,17
recov,17
ini,17
comprehens,17
ugli,17
mindmap,17
membership,17
est,17
fire,17
float,17
anytim,17
million,17
credit,17
approach,17
oneplu,17
aplikasi,17
organización,16
очень,16
eventu,16
ess,16
serv,16
bro,16
standard,16
financ,16
statu,16
fluid,16
throw,16
th,16
alright,16
die,16
paywal,16
geniu,16
تطبيق,16
loud,16
hardli,16
claim,16
bye,16
groceri,16
ditch,16
homepag,16
port,16
hacer,16
sangat,16
unnecessari,16
todoist,16
snappi,16
bagu,16
publish,16
f,16
hyperlink,16
guid,16
numer,16
formula,16
persian,16
fair,16
ali,16
mous,16
yeah,16
ital,15
dia,15
cheap,15
filter,15
nowher,15
earli,15
perhap,15
realis,15
worri,15
funciona,15
desd,15
superior,15
kick,15
red,15
suitabl,15
dex,15
renam,15
session,15
ou,15
larger,15
defeat,15
lazi,15
popular,15
proyecto,15
quando,15
express,15
expand,15
downgrad,15
bem,15
post,15
coisa,15
spreadsheet,15
tem,15
c,15
для,15
common,15
masterpiec,15
في,15
meant,14
math,14
third,14
flash,14
sit,14
opportun,14
iran,14
prais,14
bastant,14
sleek,14
drawer,14
stress,14
loop,14
wide,14
will,14
obviou,14
apk,14
spam,14
speak,14
polish,14
huawei,14
russia,14
nobodi,14
trigger,14
invit,14
involv,14
strang,14
tien,14
countri,14
guest,14
kid,14
synchronis,14
eleg,14
p,14
era,14
tough,14
malfunct,14
massiv,14
lower,14
indispens,14
pathet,14
yt,14
permit,14
ia,14
mood,14
lil,14
limitless,14
lifesav,14
fácil,14
pencil,14
funcion,14
revis,14
tricki,14
utterli,14
playstor,14
ich,14
assum,14
amazingli,14
tick,14
demand,14
vanish,14
algo,14
impact,14
tech,14
dengan,14
rotat,14
quicker,13
notabl,13
dispositivo,13
nicht,13
budget,13
tengo,13
collaps,13
congratul,13
afford,13
isso,13
dedic,13
nowaday,13
happili,13
behavior,13
profil,13
remark,13
werent,13
puedo,13
brought,13
orient,13
anotaçõ,13
polici,13
wipe,13
horizont,13
strong,13
round,13
hurt,13
morn,13
bigger,13
higher,13
fazer,13
clickabl,13
v,13
redmi,13
useabl,13
texto,13
warn,13
spot,13
reappear,13
motion,13
engin,13
glanc,13
goat,13
laugh,13
vast,13
vpn,13
mesmo,13
abrir,13
chose,13
secondli,13
screenshot,13
journey,13
cheer,13
slash,13
upcom,13
todolist,13
achiev,13
على,12
cuando,12
toward,12
exact,12
skip,12
che,12
api,12
inabl,12
famili,12
falta,12
grade,12
dalam,12
technic,12
train,12
sem,12
rang,12
choppi,12
familiar,12
agre,12
día,12
simplesment,12
theori,12
sticki,12
estou,12
poder,12
ni,12
bruh,12
brows,12
tener,12
shove,12
panel,12
challeng,12
bought,12
sooooo,12
diagram,12
difficulti,12
newest,12
surfac,12
brainstorm,12
sooner,12
frozen,12
va,12
claud,12
retyp,12
awkward,12
tremend,12
bir,12
funcionalidad,12
increíbl,12
crear,12
ممتاز,12
sua,12
flawlessli,12
ppl,12
onto,12
janki,12
computador,12
flagship,12
drawback,12
drain,12
marvel,12
marri,12
offici,12
deepli,12
intern,12
te,12
timelin,12
catch,12
beta,12
helpful,12
porém,12
overli,12
environ,12
object,12
tapi,12
throat,12
fitur,12
finger,12
pued,12
porqu,12
ter,12
desper,12
reddit,12
só,12
consigo,12
priorit,12
url,12
urgent,12
pour,12
mix,12
à,12
loss,12
gamechang,11
defin,11
العربية,11
borderlin,11
dissapoint,11
chore,11
fault,11
ran,11
beg,11
crucial,11
foldabl,11
accid,11
meizu,11
companion,11
все,11
canva,11
march,11
stutter,11
distract,11
del,11
lagi,11
immens,11
inaccess,11
perfeito,11
dynam,11
il,11
hundr,11
blow,11
multitask,11
night,11
consider,11
lifechang,11
promot,11
temporari,11
sudden,11
instant,11
redesign,11
neither,11
amol,11
particularli,11
recomend,11
treat,11
incrível,11
retriev,11
trial,11
bot,11
certainli,11
central,11
known,11
pleasur,11
goodby,11
spen,11
partial,11
scale,11
elsewher,11
art,11
destroy,11
portabl,11
killer,11
agenda,11
unlock,11
horrend,11
html,11
è,11
pointless,11
ferramenta,11
forth,11
workaround,11
affect,11
width,11
notifi,11
tempo,11
flawless,11
older,11
slop,11
banyak,11
hear,11
confid,11
db,11
encanta,11
deep,11
fli,11
coz,11
accomplish,11
abysm,11
mechan,10
primarili,10
dozen,10
eso,10
manner,10
strongli,10
mental,10
mad,10
forgot,10
encourag,10
decreas,10
decis,10
join,10
channel,10
redirect,10
frustratingli,10
brilliantli,10
employe,10
finicki,10
earth,10
sick,10
rel,10
easytous,10
trip,10
annot,10
outro,10
novel,10
win,10
opposit,10
onboard,10
tiempo,10
steroid,10
corner,10
tidak,10
nevertheless,10
competit,10
freeli,10
desktopweb,10
bt,10
graphic,10
q,10
gtd,10
unnecessarili,10
portrait,10
fa,10
gusta,10
henc,10
growth,10
compet,10
abdaal,10
нет,10
pouco,10
hesit,10
here,10
tbh,10
sketch,10
upset,10
streamlin,10
staff,10
как,10
minu,10
entrepreneur,10
exagger,10
ex,10
а,10
heavili,10
piti,10
piss,10
righttoleft,10
chosen,10
fairli,10
entend,10
grant,10
gpt,10
music,10
rough,10
social,10
disciplin,10
latex,10
alarm,10
wrapper,10
fav,10
gem,10
importantli,10
layer,10
spin,10
underlin,10
tediou,10
deixa,10
une,10
vari,10
inde,10
inbox,10
inconsist,10
untuk,10
disrupt,10
simpler,10
facil,10
sa,10
extend,10
modo,10
gustaría,10
dissapear,10
momento,10
fresh,9
completa,9
dig,9
summari,9
ngl,9
recognit,9
owner,9
suka,9
keyword,9
depth,9
anytyp,9
compromis,9
oc,9
indian,9
surprisingli,9
consumpt,9
confirm,9
asset,9
editar,9
redownload,9
brand,9
chapter,9
whoever,9
appi,9
weak,9
shifter,9
notch,9
archiv,9
whatsoev,9
joke,9
throughout,9
shot,9
crossplatform,9
tailor,9
decor,9
dd,9
invent,9
absurd,9
по,9
mid,9
manipul,9
beast,9
symbol,9
ada,9
aprend,9
já,9
appit,9
webapp,9
king,9
repeatedli,9
frank,9
relev,9
colleagu,9
tweak,9
completo,9
moreov,9
planet,9
yo,9
monitor,9
disconnect,9
ahead,9
und,9
risk,9
equal,9
sempr,9
musthav,9
fanci,9
builtin,9
hurri,9
son,9
inapp,9
información,9
vibe,9
incorpor,9
você,9
fee,9
ecosystem,9
fundament,9
rewrit,9
deliv,9
gestionar,9
blog,9
aswel,9
buffer,9
vertic,9
spinner,9
worthi,9
natur,9
alphabet,9
fell,9
disast,9
lista,9
advic,9
çok,9
backward,9
hr,9
disgust,9
extent,9
po,9
simplement,9
exclus,9
sanction,9
procrastin,9
gud,9
portion,9
slowest,9
campaign,9
slight,9
deadlin,9
teacher,9
бы,9
было,9
skill,9
heat,9
heck,9
único,9
scatter,9
приложения,9
meal,8
я,8
outlook,8
overlap,8
tree,8
trick,8
camera,8
packag,8
instagram,8
timer,8
parent,8
typic,8
met,8
magnific,8
mainten,8
folk,8
refin,8
scenario,8
flicker,8
evolv,8
etern,8
everybodi,8
admin,8
afraid,8
agent,8
última,8
только,8
bs,8
bu,8
buat,8
partner,8
catatan,8
centuri,8
cest,8
path,8
screw,8
macbook,8
yearli,8
longpress,8
searchabl,8
estoy,8
seek,8
infuri,8
ticket,8
circl,8
thoma,8
intuitiva,8
peak,8
inclus,8
op,8
uiux,8
opt,8
clumsi,8
therefor,8
technolog,8
commit,8
comparison,8
imo,8
ten,8
advertis,8
enorm,8
ensur,8
reconnect,8
recurso,8
sell,8
frame,8
configur,8
completament,8
je,8
ongo,8
blue,8
biometr,8
idiot,8
teamspac,8
pl,8
baik,8
aku,8
além,8
genial,8
reboot,8
gap,8
aid,8
balanc,8
ban,8
bet,8
tanto,8
tarea,8
sur,8
suspect,8
lesson,8
lie,8
movi,8
mt,8
andriod,8
mucha,8
react,8
eat,8
lifestyl,8
synch,8
homework,8
averag,8
awar,8
countless,8
suffer,8
submit,8
wich,8
ap,8
qa,8
queri,8
dump,8
dùng,8
quirk,8
sin,8
costum,8
versión,8
notionso,8
nya,8
hora,8
highschool,8
hinder,8
ho,8
host,8
currenc,8
sm,8
driver,8
six,8
domain,8
lay,8
lame,8
lebih,8
lectur,8
workout,8
workplac,8
programm,8
difícil,8
dissappear,8
gripe,8
apo,8
neg,8
nerd,8
visit,8
vital,8
uygulama,8
posso,8
crm,8
ctrl,8
death,8
heaven,8
desejar,8
webdesktop,8
weight,8
vraiment,8
atualização,8
hace,8
hadnt,8
dead,8
stare,8
demora,8
até,8
arrow,8
author,8
autocorrect,8
health,8
هو,8
لكن,8
fe,8
medic,8
meh,8
pa,8
retain,8
rock,8
roll,8
factor,8
firstli,8
это,8
что,7
membantu,7
رائع,7
firefox,7
fingerprint,7
reposit,7
memo,7
можно,7
expert,7
russian,7
outdat,7
transpar,7
translat,7
transcript,7
transcrib,7
margin,7
mejorar,7
mediocr,7
fed,7
لا,7
depoi,7
spec,7
dealbreak,7
stage,7
stack,7
principalment,7
node,7
autocomplet,7
produc,7
spoken,7
hack,7
gwi,7
prior,7
attract,7
vs,7
appp,7
wed,7
hasta,7
hebrew,7
dato,7
decad,7
crush,7
crop,7
portfolio,7
nonsens,7
grab,7
dnd,7
divid,7
solo,7
snippet,7
apena,7
gui,7
produtividad,7
productividad,7
worker,7
wonki,7
latenc,7
lastli,7
doodl,7
gracia,7
viewer,7
hobbi,7
notemak,7
barış,7
auf,7
keren,7
dumb,7
dropdown,7
simplest,7
slowdown,7
quiero,7
qualquer,7
anybodi,7
who,7
ctrlz,7
sum,7
until,7
unsubscrib,7
ayuda,7
usando,7
hook,7
hub,7
são,7
embarrass,7
settl,7
signup,7
sight,7
annoyingli,7
godsend,7
ein,7
swiss,7
swap,7
pm,7
contribut,7
surviv,7
tan,7
tad,7
unmatch,7
behav,7
airplan,7
air,7
ainda,7
reccomend,7
realment,7
girl,7
realiti,7
lenta,7
alert,7
lifetim,7
ocr,7
occas,7
justifi,7
pinch,7
bewar,7
bcz,7
seemingli,7
recomendo,7
entr,7
engag,7
seria,7
seper,7
funçõ,7
molto,7
writ,7
condit,7
temporarili,7
co,7
oppo,7
bore,7
perfecto,7
perfecta,7
incorrect,7
peac,7
intrus,7
understood,7
opção,7
pattern,7
patient,7
thì,7
estudo,7
exceed,7
essay,7
espero,7
lucki,7
mindblow,7
sd,7
region,7
freelanc,7
influenc,7
industri,7
india,7
chaotic,7
casual,7
btw,7
bummer,7
bulk,7
merg,7
у,7
так,7
работает,7
mile,7
к,7
adopt,7
admit,7
et,7
rubbish,7
scienc,7
fraction,7
fp,7
refund,7
forgotten,7
machin,7
messi,7
trè,7
tiktok,7
intellig,7
overr,7
intro,7
intimid,7
favor,7
reward,7
بس,7
_,7
meaning,7
roadmap,6
الله,6
acc,6
featurerich,6
نوشن,6
هذه,6
accur,6
كل,6
الكتابة,6
اللغة,6
fr,6
scanner,6
excus,6
outlin,6
output,6
overview,6
overlook,6
exel,6
remot,6
reoccur,6
rule,6
adequ,6
parec,6
truth,6
txt,6
typo,6
carri,6
caso,6
cater,6
tomorrow,6
calendario,6
мне,6
afterward,6
özcan,6
menggunakan,6
manera,6
minimum,6
ineffici,6
ist,6
iter,6
yr,6
miser,6
mislead,6
sea,6
estrella,6
registr,6
relationship,6
enterpris,6
recogn,6
rectifi,6
froze,6
segundo,6
recal,6
framework,6
scribbl,6
gadget,6
gain,6
organizarm,6
chatbot,6
centr,6
cellphon,6
capit,6
indic,6
llm,6
logic,6
ajuda,6
miui,6
shape,6
shareabl,6
iyi,6
jadi,6
onscreen,6
onthego,6
unhelp,6
clue,6
boggl,6
bon,6
breez,6
lighter,6
lightweight,6
moto,6
alguma,6
altogeth,6
alik,6
gestión,6
librari,6
pessoal,6
peut,6
tenho,6
collab,6
tarefa,6
compliment,6
incluso,6
personal,6
angri,6
annual,6
wonderful,6
readonli,6
sido,6
signal,6
signin,6
queda,6
silli,6
unpleas,6
began,6
blink,6
pie,6
iffi,6
clever,6
clickup,6
dude,6
quot,6
r,6
rais,6
law,6
andor,6
narrow,6
nation,6
lapp,6
wireless,6
bake,6
bell,6
benefici,6
plataforma,6
compon,6
unorgan,6
pwa,6
smth,6
snapdragon,6
dropbox,6
multipurpos,6
mundo,6
whilst,6
whistl,6
pleasant,6
pocket,6
confluenc,6
holi,6
plagu,6
necess,6
nem,6
net,6
someday,6
divers,6
productiva,6
dictat,6
detect,6
disorgan,6
greedi,6
april,6
weve,6
whatsapp,6
wherea,6
speech,6
principio,6
upto,6
judg,6
cuenta,6
subpar,6
tarda,6
appwebsit,6
astound,6
atroci,6
h,6
splendid,6
discord,6
newer,6
lab,6
ke,6
backlink,6
baffl,6
nut,6
counter,6
popul,6
hot,6
ut,6
untitl,6
label,6
august,6
không,6
hat,6
headach,6
specifi,6
daunt,6
nonetheless,6
vision,6
utter,6
hierarchi,6
substitut,6
nope,6
kann,6
hella,6
standalon,6
def,6
delight,6
spotti,6
spread,6
straightforward,6
حلو,6
feed,6
mate,6
tooo,6
trabalho,6
trava,6
car,6
abandon,6
fake,6
оно,6
пользоваться,6
mencatat,6
scan,6
بشكل,6
جميل,6
rli,5
يدعم,5
fellow,5
instalar,5
pair,5
pan,5
safeti,5
roam,5
roof,5
root,5
relogin,5
renew,5
flip,5
schoolwork,5
score,5
exce,5
ruim,5
rất,5
mal,5
noic,5
vice,5
violat,5
vivo,5
año,5
utilis,5
utilizo,5
verdad,5
cowork,5
precis,5
steal,5
có,5
dare,5
sponsor,5
deja,5
cukup,5
katex,5
keypad,5
audienc,5
sth,5
stolen,5
awhil,5
awsom,5
news,5
artifici,5
veze,5
preload,5
happier,5
spanish,5
crowd,5
ctrlb,5
prayer,5
counterpart,5
summar,5
copiar,5
corpor,5
superscript,5
tabla,5
também,5
supposedli,5
appoint,5
approv,5
ate,5
haha,5
disadvantag,5
processor,5
knife,5
korean,5
sold,5
sole,5
somebodi,5
diigo,5
ground,5
sophist,5
sore,5
detriment,5
discuss,5
gratuita,5
grid,5
webbas,5
weirdli,5
up,5
jumbl,5
counterintuit,5
aplicacion,5
artist,5
sweet,5
systemat,5
congrat,5
hous,5
household,5
honor,5
usarla,5
usd,5
teach,5
consolid,5
construct,5
lapplic,5
prático,5
soft,5
plano,5
plant,5
plantilla,5
junk,5
k,5
bestest,5
odd,5
sí,5
ole,5
unorganis,5
grammar,5
smallest,5
snap,5
sistema,5
się,5
multitud,5
drastic,5
shuffl,5
analysi,5
mükemmel,5
lama,5
land,5
learnt,5
legit,5
multifunct,5
anxieti,5
winner,5
dope,5
dm,5
do,5
pueden,5
gradual,5
slick,5
unpolish,5
bloatwar,5
blown,5
itt,5
pinterest,5
più,5
pkm,5
cold,5
teclado,5
duper,5
dá,5
simplist,5
gladli,5
global,5
goddamn,5
leverag,5
allround,5
tela,5
important,5
phrase,5
terrif,5
tf,5
compil,5
itu,5
ivan,5
alongsid,5
worthless,5
muita,5
readabl,5
sería,5
qui,5
xd,5
shall,5
electron,5
unintent,5
bounc,5
boy,5
ugh,5
closer,5
coher,5
unbeat,5
mono,5
worldbuild,5
length,5
lengthi,5
realm,5
rapid,5
broad,5
organizado,5
indefinit,5
independ,5
thr,5
charm,5
tha,5
inbuilt,5
capac,5
gather,5
gemini,5
funtion,5
aim,5
airtabl,5
wreck,5
wunderlist,5
из,5
mission,5
lore,5
esp,5
español,5
encontrar,5
recomiendo,5
fulfil,5
epic,5
escrev,5
escribir,5
semest,5
là,5
shiftent,5
shock,5
briefli,5
долго,5
если,5
заметки,5
thấi,5
ti,5
ticktick,5
tight,5
theyd,5
theyll,5
child,5
iranian,5
unavail,5
intens,5
tipo,5
par,5
paramet,5
использовать,5
ademá,5
invalu,5
invis,5
ty,5
tốt,5
buka,5
bản,5
calcul,5
đầu,5
meno,5
maravilhoso,5
measur,5
имба,5
forma,5
foi,5
scam,5
rlli,5
abt,5
لو,5
absolutament,5
فقط,5
чтобы,5
فيه,5
از,5
riddl,5
excess,5
overcompl,5
overhaul,5
intent,5
interfaz,5
insist,5
stretch,5
hole,5
feb,5
meio,5
tout,5
trap,5
career,5
برنامج,5
abdal,5
absenc,5
famou,5
невозможно,5
actividad,5
replic,5
fetch,5
fica,5
posibilidad,4
posibl,4
assur,4
nhiều,4
powerful,4
powerhous,4
pratiqu,4
quiera,4
stumbl,4
stun,4
cuesta,4
ko,4
knock,4
subtask,4
creo,4
couldv,4
newli,4
nerv,4
height,4
nel,4
haru,4
starter,4
ne,4
càng,4
cyril,4
nav,4
arreglen,4
armi,4
dar,4
aris,4
aqui,4
strategi,4
wall,4
navegador,4
surpass,4
susah,4
contenido,4
contrari,4
contrast,4
khi,4
sustain,4
atm,4
playlist,4
pleaseeee,4
plethora,4
plug,4
png,4
nicer,4
pode,4
autosav,4
player,4
poi,4
atau,4
así,4
asthet,4
vim,4
hire,4
horrível,4
khó,4
hp,4
http,4
nonexist,4
convinc,4
convini,4
convolut,4
cooki,4
supper,4
vid,4
greet,4
publicli,4
distribut,4
discount,4
discourag,4
mình,4
latin,4
heavier,4
guarante,4
mà,4
myriad,4
propos,4
proud,4
sont,4
soooooo,4
diario,4
profound,4
amongst,4
amd,4
dn,4
workload,4
workabl,4
puedan,4
govern,4
greater,4
grand,4
doest,4
ano,4
disguis,4
provato,4
analyt,4
grat,4
gratitud,4
leider,4
lagg,4
headlin,4
nail,4
nah,4
haptic,4
hardwork,4
möchte,4
diff,4
squar,4
stall,4
appropri,4
applock,4
weekend,4
webpc,4
newcom,4
preciso,4
sprint,4
wild,4
anticip,4
deveria,4
sou,4
wiget,4
der,4
wife,4
desk,4
laggier,4
prob,4
aplic,4
halfway,4
aparec,4
problemat,4
wherev,4
spoil,4
dei,4
whiteboard,4
categor,4
ce,4
cap,4
cargar,4
unexpectedli,4
japanes,4
jan,4
swear,4
cake,4
calm,4
insignific,4
ittt,4
insult,4
paint,4
intergr,4
intermedi,4
tomar,4
onetim,4
index,4
ond,4
timet,4
tinker,4
jitteri,4
tldr,4
cash,4
parabén,4
jesu,4
infuriatingli,4
jaringan,4
unoptim,4
inner,4
bella,4
unknown,4
jira,4
irrelev,4
breath,4
bright,4
uk,4
introduct,4
intun,4
investig,4
interrupt,4
boss,4
trustworthi,4
trên,4
udah,4
tuga,4
u,4
tweet,4
twitter,4
organizo,4
interview,4
bgt,4
blast,4
tooooo,4
underwhelm,4
underr,4
boon,4
trivial,4
otra,4
org,4
outrag,4
overcom,4
overload,4
orang,4
travado,4
isi,4
burn,4
conclus,4
vece,4
config,4
conflict,4
pile,4
vale,4
idioma,4
unparallel,4
pitti,4
commiss,4
bahut,4
compact,4
teeth,4
personalização,4
perspect,4
pessoa,4
ig,4
syntax,4
conjunct,4
auth,4
sé,4
placehold,4
auch,4
au,4
computadora,4
hz,4
há,4
versa,4
keystrok,4
kalau,4
norton,4
nonstop,4
verri,4
hung,4
june,4
thin,4
thingi,4
chines,4
upward,4
paus,4
incomplet,4
jt,4
unusu,4
thread,4
thrill,4
thrive,4
bcuz,4
unread,4
pasa,4
passei,4
upd,4
illustr,4
js,4
jpg,4
picker,4
nur,4
nunca,4
colocar,4
nuisanc,4
classic,4
thatd,4
backlog,4
babi,4
bandwidth,4
incompet,4
ball,4
bait,4
coder,4
nuevo,4
maco,4
midrang,4
freee,4
frankli,4
milanot,4
reflect,4
spotifi,4
admittedli,4
food,4
everr,4
нельзя,4
нравится,4
longest,4
flesh,4
flashcard,4
actualización,4
relli,4
memor,4
sched,4
scari,4
exclud,4
scare,4
firsttim,4
manifest,4
mantap,4
приложении,4
acess,4
longterm,4
longtim,4
agora,4
sharp,4
sharepoint,4
ahora,4
gibberish,4
adult,4
affair,4
được,4
без,4
больше,4
mini,4
estar,4
lúc,4
ga,4
его,4
ещё,4
загружается,4
заметку,4
segment,4
frustat,4
friction,4
frequenc,4
meta,4
für,4
estrela,4
enlarg,4
resort,4
resolut,4
অনক,4
abr,4
abruptli,4
fiddli,4
هذا,4
faz,4
لتنظيم,4
ما,4
مثل,4
rigid,4
محتاج,4
repetit,4
revolutionari,4
नह,4
fear,4
revers,4
একট,4
بود,4
تنظيم,4
absurdli,4
حياتك,4
meanwhil,4
maxim,4
max,4
او,4
revolutionis,4
repair,4
раз,4
синхронизация,4
слишком,4
explan,4
expier,4
experiencia,4
sama,4
sake,4
sacrific,4
то,4
удобно,4
rápida,4
اليسار,4
medium,4
extremli,4
extraordinari,4
extract,4
rounder,4
rotina,4
faith,4
masih,4
melhorar,4
faculdad,4
reveal,4
افضل,4
retri,4
med,4
easiest,4
earn,4
sir,4
gooood,4
goodnot,4
aja,4
quen,4
young,4
quem,4
quiet,4
wrap,4
yg,4
simultan,4
reali,4
dụng,4
dread,4
dễ,4
siempr,4
slack,4
sich,4
aka,4
quarter,4
sideway,4
montón,4
quanto,4
skeleton,4
reader,4
golden,4
mise,4
sincer,4
sincronização,4
dull,4
sing,4
algun,4
algorithm,4
qué,4
aggrav,4
algum,4
dou,4
questo,4
gosto,4
ale,4
rank,4
moder,4
flowchart,4
mp,4
simplenot,4
downhil,4
almeno,4
sink,4
joy,3
الي,3
jounal,3
wo,3
an,3
markup,3
اضافة,3
الاستخدام,3
jelek,3
jitter,3
jest,3
woman,3
ben,3
اتصال,3
إضافة,3
wth,3
текста,3
upfront,3
upper,3
mit,3
upsid,3
uptod,3
lastest,3
urdu,3
móvil,3
urg,3
ju,3
juli,3
jumpi,3
страницы,3
justic,3
jutilis,3
obsolet,3
octob,3
текст,3
omg,3
maravilloso,3
meinem,3
unoptimis,3
wit,3
xioami,3
unpredict,3
wishlist,3
untrustworthi,3
bcoz,3
bear,3
хватает,3
xl,3
bed,3
yah,3
unstopp,3
unsuccess,3
unsur,3
unit,3
moveabl,3
به,3
بعض,3
ish,3
بحيث,3
itit,3
workflowi,3
oragn,3
ocd,3
این,3
orden,3
کردم,3
organizada,3
ukrainian,3
abo,3
boil,3
bombard,3
ह,3
باللغة,3
leon,3
aber,3
tính,3
يشتغل,3
يحتاج,3
وهذا,3
allaround,3
letdown,3
حقا,3
lg,3
branch,3
bravo,3
ama,3
bread,3
حتى,3
جيد,3
alter,3
ukrain,3
ora,3
bout,3
ولكن,3
movil,3
leagu,3
نسخة,3
j,3
ja,3
jack,3
مفيد,3
multidevic,3
bonita,3
multiblock,3
jam,3
anki,3
انه,3
unforgiv,3
اليمين,3
anch,3
unimagin,3
alltim,3
jak,3
bonu,3
boo,3
multifacet,3
uncheck,3
unclear,3
lengkap,3
undoubtedli,3
uneth,3
bitwarden,3
billion,3
blood,3
boa,3
مجاني,3
bhi,3
lean,3
movement,3
leak,3
لانه,3
bildschirm,3
legitim,3
mới,3
mirror,3
miracl,3
viru,3
volt,3
vou,3
minimis,3
luego,3
manger,3
lover,3
attack,3
asi,3
lotta,3
aslo,3
aspecto,3
assim,3
associ,3
mim,3
luckili,3
alguno,3
tysm,3
meri,3
khormologia,3
интерфейс,3
nao,3
имеет,3
заметок,3
viewabl,3
ki,3
kinda,3
даже,3
nonfunct,3
nonintuit,3
время,3
версии,3
будут,3
viendo,3
namun,3
za,3
wallpap,3
aint,3
waster,3
wee,3
ah,3
agregar,3
webvers,3
kullanıyorum,3
mistaken,3
lm,3
neater,3
lit,3
necesit,3
misclick,3
needless,3
newbi,3
misplac,3
arriv,3
kullanışlı,3
андроид,3
абсолютно,3
labori,3
để,3
đâu,3
điểm,3
ng,3
wala,3
öffnen,3
nhưng,3
être,3
asterisk,3
zoho,3
applov,3
vào,3
wake,3
advis,3
ngetik,3
ao,3
mon,3
malah,3
mere,3
merci,3
anti,3
membuat,3
anoy,3
meticul,3
приложением,3
usernam,3
usuabl,3
avid,3
awasom,3
wil,3
ayudado,3
aún,3
acknowledg,3
usei,3
usa,3
murder,3
своей,3
modular,3
banner,3
multiwindow,3
backbon,3
приходится,3
observ,3
backpack,3
notificaçõ,3
multiplatform,3
lightdark,3
maneg,3
nurs,3
mandatori,3
năng,3
obnoxi,3
mom,3
adroid,3
adob,3
admir,3
aunqu,3
addon,3
итоге,3
authent,3
mil,3
vai,3
viabl,3
nhất,3
maker,3
where,3
no,3
laid,3
khalid,3
mia,3
alguna,3
apagar,3
wikistyl,3
achcha,3
valid,3
variat,3
vastli,3
mother,3
ace,3
один,3
verif,3
когда,3
verifi,3
много,3
wider,3
kadang,3
меня,3
keeper,3
keepnot,3
ketika,3
notatek,3
неудобное,3
sht,3
rabbit,3
rapidli,3
ratio,3
reactiv,3
sih,3
similiar,3
du,3
dua,3
duti,3
dólar,3
gold,3
goodbut,3
يكون,3
goooood,3
gorgeou,3
glare,3
godd,3
singlehandedli,3
siquiera,3
sirven,3
draganddrop,3
dramat,3
sitio,3
sky,3
dosent,3
down,3
downfal,3
goodi,3
entiti,3
emot,3
empow,3
empresa,3
encyclopedia,3
sesión,3
seu,3
sexi,3
elegantli,3
elev,3
elimin,3
ella,3
realist,3
showcas,3
gestion,3
ghost,3
giant,3
gif,3
rebrand,3
rebuild,3
shortcom,3
shouldv,3
edittext,3
edição,3
edu,3
ee,3
effortless,3
eficient,3
geral,3
pubg,3
pude,3
disapear,3
disapp,3
somth,3
proceed,3
gut,3
projeto,3
prop,3
song,3
dialog,3
diferent,3
digitar,3
sleep,3
determin,3
spacebar,3
spectacular,3
sped,3
dentro,3
depress,3
desastr,3
principl,3
prioritis,3
habitica,3
hamburg,3
hamper,3
speechless,3
speedi,3
detal,3
slice,3
qol,3
queria,3
quero,3
queue,3
slider,3
slightest,3
sloooooooow,3
slooooow,3
slot,3
dizer,3
documento,3
dodgi,3
greatbut,3
pump,3
pun,3
grad,3
graduat,3
gran,3
granular,3
doi,3
dollar,3
smarter,3
discoveri,3
disso,3
distinct,3
provecho,3
grati,3
pueda,3
financi,3
reserv,3
resolvam,3
reson,3
restructur,3
resum,3
resync,3
revamp,3
rocket,3
role,3
romantic,3
failur,3
fait,3
enthusiast,3
ru,3
rush,3
fab,3
facebook,3
facilit,3
saat,3
saber,3
sacarl,3
experiência,3
expir,3
explicitli,3
explod,3
san,3
sandbox,3
fallen,3
كتير,3
matrix,3
matur,3
mau,3
maximum,3
خیلی,3
دون,3
acces,3
accross,3
accumul,3
mathemat,3
অসধরণ,3
করছ,3
film,3
feasibl,3
fecha,3
revisit,3
revolution,3
riesco,3
rip,3
fantástico,3
fare,3
farhan,3
faulti,3
fave,3
rn,3
road,3
fiddl,3
쓰고,3
fo,3
reformat,3
foto,3
freehand,3
regain,3
secondari,3
estat,3
recoveri,3
recreat,3
reenter,3
referenc,3
seguimiento,3
sei,3
repres,3
sekali,3
equip,3
ergonom,3
errat,3
escrito,3
reccur,3
recept,3
gak,3
funcionar,3
funni,3
furthermor,3
sendo,3
sensacion,3
septemb,3
seit,3
finanza,3
finest,3
fir,3
fenomen,3
fiction,3
saviour,3
exercis,3
expans,3
scheme,3
schooler,3
fond,3
relog,3
rendr,3
fluida,3
fledg,3
reorgan,3
rep,3
scope,3
scrap,3
scream,3
evitar,3
ethic,3
relaunch,3
forex,3
forgiv,3
formato,3
foss,3
fluent,3
fivestar,3
thiss,3
pcweb,3
peek,3
increibl,3
increment,3
indepth,3
pena,3
peor,3
thoroughli,3
thrice,3
cheat,3
checkout,3
cherri,3
splashscreen,3
passcod,3
passion,3
passkey,3
patch,3
inevit,3
infact,3
thumbnail,3
thể,3
tive,3
tnx,3
pantalla,3
pariti,3
inici,3
iniciar,3
cett,3
phd,3
tema,3
tento,3
tepat,3
colum,3
comando,3
terbaik,3
thanx,3
perché,3
impos,3
impossível,3
incas,3
incompat,3
claro,3
perpetu,3
persona,3
personalis,3
clone,3
cmon,3
coffe,3
cleaner,3
clearer,3
thatll,3
thee,3
ther,3
thesi,3
circumst,3
citizen,3
permiten,3
travada,3
bump,3
buona,3
burden,3
buri,3
brutal,3
otimizado,3
ottima,3
out,3
outra,3
outweigh,3
buck,3
buen,3
inicio,3
travar,3
tripl,3
breadcrumb,3
brother,3
organizars,3
organizart,3
invas,3
orgin,3
osm,3
ot,3
trovo,3
ts,3
turkish,3
turtl,3
travando,3
inlov,3
inpag,3
inserir,3
todavía,3
casi,3
causa,3
carga,3
carregar,3
token,3
toler,3
tolong,3
ca,3
cambio,3
trashi,3
pagenot,3
instantan,3
palabra,3
pandem,3
intranet,3
intric,3
overs,3
own,3
toooo,3
tortur,3
traba,3
trace,3
tradeoff,3
trader,3
pagar,3
sticker,3
stood,3
cup,3
cure,3
curiou,3
street,3
hoja,3
possibilidad,3
possui,3
helper,3
hex,3
hiccup,3
hierarch,3
phase,3
strip,3
critiqu,3
cu,3
subitem,3
suboptim,3
coverag,3
craft,3
cram,3
cramp,3
cri,3
corrupt,3
horror,3
pokoknya,3
polecam,3
string,3
sport,3
haywir,3
prefil,3
premad,3
prep,3
hanno,3
hardwar,3
prime,3
debug,3
deeper,3
darkmod,3
dash,3
davvero,3
darker,3
pray,3
pre,3
hecho,3
hehe,3
held,3
harsh,3
deactiv,3
statement,3
statist,3
cómo,3
dado,3
dang,3
danger,3
dapat,3
daytoday,3
súper,3
sử,3
tabela,3
tackl,3
tactic,3
tak,3
tampilan,3
tank,3
tanpa,3
concepto,3
conexión,3
complicada,3
compress,3
polit,3
identifi,3
idk,3
igual,3
ili,3
target,3
taskbar,3
tea,3
teenag,3
commonli,3
commut,3
peu,3
imagen,3
imho,3
imp,3
ideia,3
pongo,3
highend,3
highest,3
hindi,3
hostag,3
hover,3
howto,3
homeschool,3
suffici,3
sugestão,3
cook,3
cookbook,3
suppli,3
iam,3
convent,3
plot,3
plugin,3
podcast,3
podido,3
poem,3
poetri,3
conseguindo,3
consent,3
plagiar,3
planer,3
huh,3
hábito,3
hơi,3
consult,3
